account_no,txn_time,txn_id,reference,description,channel,counterparty_account,counterparty_name,debit,credit,balance
67343349434888,2026-07-01 00:00:00,,,OPENING BALANCE,,,,,,102000.00
67343349434888,2026-07-01 07:47:00,KTB124401325,621808879945,NEFT SAL JUL26/Mock Motors Pvt Ltd,NEFT,9233518167282,Mock Motors Pvt Ltd,,58000.00,160000.00
67343349434888,2026-07-01 12:20:19,KTB473157617,628826030400,UPI/P2M/Om Sai Dairy,UPI-P2M,omsaidairy25@synupi,Om Sai Dairy,300.00,,159700.00
67343349434888,2026-07-02 10:23:08,KTB528720387,621190193115,UPI/P2M/Mahalaxmi Bakery,UPI-P2M,mahalaxmibaker35@fakepay,Mahalaxmi Bakery,1660.00,,158040.00
67343349434888,2026-07-05 09:04:42,KTB485231337,629358483847,IMPS/RENT/Asha Singh,IMPS,904285754470,Asha Singh,9000.00,,149040.00
67343349434888,2026-07-07 19:53:01,KTB486627607,629510344354,UPI/P2M/Mahalaxmi Bakery,UPI-P2M,mahalaxmibaker35@fakepay,Mahalaxmi Bakery,1210.00,,147830.00
67343349434888,2026-07-07 19:58:18,KTB789205131,620461263783,UPI/P2M/Om Sai Dairy,UPI-P2M,omsaidairy25@synupi,Om Sai Dairy,570.00,,147260.00
67343349434888,2026-07-11 09:15:00,KTB000128930,627938707486,IMPS/Imran Kamath/FAMILY,IMPS,85928002042230,Imran Kamath,6500.00,,140760.00
67343349434888,2026-07-11 20:14:59,KTB151899301,621334404212,UPI/BILLPAY/Delhi Demo Electricity Supply Co,UPI-P2M,ddemoelec.bill@synupi,Delhi Demo Electricity Supply Co,1630.00,,139130.00
67343349434888,2026-07-15 13:26:18,KTB678884864,620150427397,UPI/P2M/Mahalaxmi Bakery,UPI-P2M,mahalaxmibaker35@fakepay,Mahalaxmi Bakery,490.00,,138640.00
67343349434888,2026-07-15 16:53:44,KTB635627768,,ATM WDL/SYNATM37059/DELHI,ATM,SYNATM37059,ATM cash withdrawal,10000.00,,128640.00
67343349434888,2026-07-15 19:18:38,KTB385583427,622821013029,UPI/P2M/New Balaji General Stores,UPI-P2M,newbalajigener11@demobank,New Balaji General Stores,610.00,,128030.00
67343349434888,2026-07-16 18:52:27,KTB274604988,622036041939,IMPS/Neha Zaidi/FAMILY,IMPS,369229654231,Neha Zaidi,13000.00,,115030.00
67343349434888,2026-07-19 10:33:54,KTB364678353,621355348527,UPI/P2M/Om Sai Dairy,UPI-P2M,omsaidairy25@synupi,Om Sai Dairy,3010.00,,112020.00
67343349434888,2026-07-20 12:33:05,KTB011575386,627355747180,UPI/P2M/Om Sai Dairy,UPI-P2M,omsaidairy25@synupi,Om Sai Dairy,1690.00,,110330.00
67343349434888,2026-07-20 14:50:00,KTB551471949,626731272783,UPI/P2M/Om Sai Dairy,UPI-P2M,omsaidairy25@synupi,Om Sai Dairy,1740.00,,108590.00
67343349434888,2026-07-22 17:40:41,KTB271652321,628979028719,UPI/P2M/Om Sai Dairy,UPI-P2M,omsaidairy25@synupi,Om Sai Dairy,2620.00,,105970.00
67343349434888,2026-07-25 16:28:07,KTB638980011,628663387062,UPI/P2M/New Balaji General Stores,UPI-P2M,newbalajigener11@demobank,New Balaji General Stores,1970.00,,104000.00
67343349434888,2026-07-26 10:04:41,KTB601560144,621322843358,UPI/P2M/Mahalaxmi Bakery,UPI-P2M,mahalaxmibaker35@fakepay,Mahalaxmi Bakery,760.00,,103240.00
67343349434888,2026-07-28 09:33:00,KTB814909343,627790247995,UPI/P2M/Mahalaxmi Bakery,UPI-P2M,mahalaxmibaker35@fakepay,Mahalaxmi Bakery,300.00,,102940.00
67343349434888,2026-07-28 11:03:36,KTB064285944,627690314468,UPI/P2M/New Balaji General Stores,UPI-P2M,newbalajigener11@demobank,New Balaji General Stores,2380.00,,100560.00
67343349434888,2026-08-01 09:27:00,KTB887697820,623932740454,NEFT SAL AUG26/Mock Motors Pvt Ltd,NEFT,9233518167282,Mock Motors Pvt Ltd,,58000.00,158560.00
67343349434888,2026-08-03 08:49:52,KTB034858563,629385617067,UPI/P2M/Mahalaxmi Bakery,UPI-P2M,mahalaxmibaker35@fakepay,Mahalaxmi Bakery,680.00,,157880.00
67343349434888,2026-08-03 10:46:38,KTB579588181,627146414668,UPI/P2M/Om Sai Dairy,UPI-P2M,omsaidairy25@synupi,Om Sai Dairy,1470.00,,156410.00
67343349434888,2026-08-03 18:27:54,KTB270926796,621694257747,UPI/P2M/Om Sai Dairy,UPI-P2M,omsaidairy25@synupi,Om Sai Dairy,2260.00,,154150.00
67343349434888,2026-08-06 13:48:17,KTB306244037,622469940596,UPI/P2M/New Balaji General Stores,UPI-P2M,newbalajigener11@demobank,New Balaji General Stores,1750.00,,152400.00
67343349434888,2026-08-07 16:58:24,KTB524684960,626273337916,IMPS/RENT/Asha Singh,IMPS,904285754470,Asha Singh,9000.00,,143400.00
67343349434888,2026-08-07 19:45:53,KTB831985350,627924695839,UPI/P2M/New Balaji General Stores,UPI-P2M,newbalajigener11@demobank,New Balaji General Stores,1290.00,,142110.00
67343349434888,2026-08-08 11:15:15,KTB640283668,628573409855,UPI/P2M/Mahalaxmi Bakery,UPI-P2M,mahalaxmibaker35@fakepay,Mahalaxmi Bakery,740.00,,141370.00
67343349434888,2026-08-13 19:28:58,KTB269399920,622487724538,IMPS/Imran Kamath/FAMILY,IMPS,85928002042230,Imran Kamath,8500.00,,132870.00
67343349434888,2026-08-14 11:47:43,KTB292025061,620359848830,UPI/DR/620359848830/Farhan Menon,UPI,farhanmeno20@fakepay,Farhan Menon,22000.00,,110870.00
67343349434888,2026-08-15 10:30:23,KTB934244649,624611184041,UPI/P2M/Mahalaxmi Bakery,UPI-P2M,mahalaxmibaker35@fakepay,Mahalaxmi Bakery,1790.00,,109080.00
67343349434888,2026-08-15 17:02:27,KTB186365665,629756609302,UPI/P2M/Mahalaxmi Bakery,UPI-P2M,mahalaxmibaker35@fakepay,Mahalaxmi Bakery,1980.00,,107100.00
67343349434888,2026-08-15 20:25:31,KTB508980415,627513124767,UPI/BILLPAY/Delhi Demo Electricity Supply Co,UPI-P2M,ddemoelec.bill@synupi,Delhi Demo Electricity Supply Co,2170.00,,104930.00
67343349434888,2026-08-17 12:27:43,KTB841713857,627891658078,UPI/P2M/Mahalaxmi Bakery,UPI-P2M,mahalaxmibaker35@fakepay,Mahalaxmi Bakery,1090.00,,103840.00
67343349434888,2026-08-17 20:21:22,KTB682893904,621933730314,UPI/P2M/Mahalaxmi Bakery,UPI-P2M,mahalaxmibaker35@fakepay,Mahalaxmi Bakery,830.00,,103010.00
67343349434888,2026-08-18 11:30:56,KTB803153477,621900868452,UPI/P2M/Mahalaxmi Bakery,UPI-P2M,mahalaxmibaker35@fakepay,Mahalaxmi Bakery,780.00,,102230.00
67343349434888,2026-08-21 09:46:25,KTB383532528,625524318088,UPI/P2M/Om Sai Dairy,UPI-P2M,omsaidairy25@synupi,Om Sai Dairy,1190.00,,101040.00
67343349434888,2026-08-21 09:57:46,KTB165240957,628301013733,UPI/P2M/Mahalaxmi Bakery,UPI-P2M,mahalaxmibaker35@fakepay,Mahalaxmi Bakery,2970.00,,98070.00
67343349434888,2026-08-22 08:46:25,KTB968982825,621323538282,UPI/P2M/Om Sai Dairy,UPI-P2M,omsaidairy25@synupi,Om Sai Dairy,850.00,,97220.00
67343349434888,2026-08-23 19:24:14,KTB808428555,626515571589,UPI/P2M/Mahalaxmi Bakery,UPI-P2M,mahalaxmibaker35@fakepay,Mahalaxmi Bakery,2630.00,,94590.00
67343349434888,2026-08-24 20:59:26,KTB710128928,,ATM WDL/SYNATM22056/DELHI,ATM,SYNATM22056,ATM cash withdrawal,3000.00,,91590.00
67343349434888,2026-08-27 12:26:15,KTB970339282,623586897161,UPI/P2M/New Balaji General Stores,UPI-P2M,newbalajigener11@demobank,New Balaji General Stores,2320.00,,89270.00
67343349434888,2026-08-31 23:59:59,,,CLOSING BALANCE,,,,,,89270.00
