target_number,other_number,call_type,start_time,duration_sec,imei,imsi,first_cell_id,first_cell_address
6577461070,8377268371,MOC,2026-08-08 10:58:00,115,352818503028069,404105532074927,404-10-2231-45012,"Tower 12, Kalyanpur Industrial Area"
6577461070,7810236311,MOC,2026-08-08 12:50:00,45,352818503028069,404105532074927,404-10-2231-45019,"Tower 19, Kalyanpur Bypass Road"
6577461070,8179298719,MTC,2026-08-08 14:28:00,366,352818503028069,404105532074927,404-10-2231-45012,"Tower 12, Kalyanpur Industrial Area"
6577461070,7649565799,MOC,2026-08-09 11:46:00,257,352818503028069,404105532074927,404-10-2231-45012,"Tower 12, Kalyanpur Industrial Area"
6577461070,9541008704,MTC,2026-08-09 13:49:00,159,352818503028069,404105532074927,404-10-2231-45012,"Tower 12, Kalyanpur Industrial Area"
6577461070,7162620724,MOC,2026-08-09 15:25:00,39,352818503028069,404105532074927,404-10-2231-45012,"Tower 12, Kalyanpur Industrial Area"
6577461070,6573879984,MOC,2026-08-10 11:15:00,420,352818503028069,404105532074927,404-10-2231-45019,"Tower 19, Kalyanpur Bypass Road"
6577461070,6573879984,SMS-MO,2026-08-10 11:30:00,0,352818503028069,404105532074927,404-10-2231-45019,"Tower 19, Kalyanpur Bypass Road"
6577461070,6573879984,MOC,2026-08-11 09:50:00,95,352818503028069,404105532074927,404-10-2231-45012,"Tower 12, Kalyanpur Industrial Area"
6577461070,6263092463,MOC,2026-08-11 10:32:00,610,352818503028069,404105532074927,404-10-2231-45012,"Tower 12, Kalyanpur Industrial Area"
6577461070,7810236311,MTC,2026-08-11 18:04:00,44,352818503028069,404105532074927,404-10-2231-45019,"Tower 19, Kalyanpur Bypass Road"
6577461070,6573879984,MOC,2026-08-12 09:35:00,140,352818503028069,404105532074927,404-10-2231-45019,"Tower 19, Kalyanpur Bypass Road"
6577461070,6263092463,MOC,2026-08-12 09:58:00,88,352818503028069,404105532074927,404-10-2231-45019,"Tower 19, Kalyanpur Bypass Road"
6577461070,8179298719,MOC,2026-08-12 12:41:00,31,352818503028069,404105532074927,404-10-2231-45019,"Tower 19, Kalyanpur Bypass Road"
